{
    "iterations": 1309,
    "learning_rate": 0.018892308248463628,
    "depth": 8,
    "l2_leaf_reg": 4.877741075696445,
    "border_count": 254,
    "random_strength": 1.7959852822676137,
    "bagging_temperature": 1.6538466500791686,
    "min_data_in_leaf": 1
}